{
    "normal": {
        "Super_Effective_Count": 0,
        "Resisted_Count": 2,
        "Move_Count": 67,
        "Average_Power": 72.17910447761194,
        "Pokemon_with_Moves_Count": 408,
        "Pokemon_with_STAB": 52,
        "Average_Attack": 76.34803921568627,
        "Average_Special_Attack": 69.82843137254902,
        "STAB_Average_Attack": 72.32692307692308,
        "STAB_Average_Special_Attack": 57.11538461538461
    },
    "fighting": {
        "Super_Effective_Count": 5,
        "Resisted_Count": 5,
        "Move_Count": 25,
        "Average_Power": 72.6,
        "Pokemon_with_Moves_Count": 278,
        "Pokemon_with_STAB": 19,
        "Average_Attack": 83.67985611510791,
        "Average_Special_Attack": 68.64748201438849,
        "STAB_Average_Attack": 99.57894736842105,
        "STAB_Average_Special_Attack": 60.36842105263158
    },
    "flying": {
        "Super_Effective_Count": 3,
        "Resisted_Count": 3,
        "Move_Count": 17,
        "Average_Power": 80.29411764705883,
        "Pokemon_with_Moves_Count": 216,
        "Pokemon_with_STAB": 51,
        "Average_Attack": 83.25462962962963,
        "Average_Special_Attack": 70.67592592592592,
        "STAB_Average_Attack": 75.3529411764706,
        "STAB_Average_Special_Attack": 71.31372549019608
    },
    "poison": {
        "Super_Effective_Count": 2,
        "Resisted_Count": 4,
        "Move_Count": 12,
        "Average_Power": 59.166666666666664,
        "Pokemon_with_Moves_Count": 113,
        "Pokemon_with_STAB": 39,
        "Average_Attack": 73.71681415929204,
        "Average_Special_Attack": 68.39823008849558,
        "STAB_Average_Attack": 69.48717948717949,
        "STAB_Average_Special_Attack": 70.25641025641026
    },
    "ground": {
        "Super_Effective_Count": 5,
        "Resisted_Count": 2,
        "Move_Count": 16,
        "Average_Power": 70.625,
        "Pokemon_with_Moves_Count": 318,
        "Pokemon_with_STAB": 44,
        "Average_Attack": 79.9496855345912,
        "Average_Special_Attack": 67.65094339622641,
        "STAB_Average_Attack": 89.45454545454545,
        "STAB_Average_Special_Attack": 52.18181818181818
    },
    "rock": {
        "Super_Effective_Count": 4,
        "Resisted_Count": 3,
        "Move_Count": 10,
        "Average_Power": 68.0,
        "Pokemon_with_Moves_Count": 234,
        "Pokemon_with_STAB": 33,
        "Average_Attack": 82.42735042735043,
        "Average_Special_Attack": 67.99145299145299,
        "STAB_Average_Attack": 83.87878787878788,
        "STAB_Average_Special_Attack": 54.27272727272727
    },
    "bug": {
        "Super_Effective_Count": 3,
        "Resisted_Count": 7,
        "Move_Count": 14,
        "Average_Power": 62.142857142857146,
        "Pokemon_with_Moves_Count": 270,
        "Pokemon_with_STAB": 29,
        "Average_Attack": 77.62222222222222,
        "Average_Special_Attack": 74.5037037037037,
        "STAB_Average_Attack": 77.75862068965517,
        "STAB_Average_Special_Attack": 60.172413793103445
    },
    "ghost": {
        "Super_Effective_Count": 2,
        "Resisted_Count": 1,
        "Move_Count": 13,
        "Average_Power": 98.84615384615384,
        "Pokemon_with_Moves_Count": 167,
        "Pokemon_with_STAB": 22,
        "Average_Attack": 72.74251497005989,
        "Average_Special_Attack": 76.82634730538922,
        "STAB_Average_Attack": 65.22727272727273,
        "STAB_Average_Special_Attack": 79.45454545454545
    },
    "steel": {
        "Super_Effective_Count": 3,
        "Resisted_Count": 4,
        "Move_Count": 11,
        "Average_Power": 91.81818181818181,
        "Pokemon_with_Moves_Count": 242,
        "Pokemon_with_STAB": 23,
        "Average_Attack": 82.22314049586777,
        "Average_Special_Attack": 69.21487603305785,
        "STAB_Average_Attack": 90.6086956521739,
        "STAB_Average_Special_Attack": 67.73913043478261
    },
    "fire": {
        "Super_Effective_Count": 4,
        "Resisted_Count": 4,
        "Move_Count": 28,
        "Average_Power": 96.96428571428571,
        "Pokemon_with_Moves_Count": 190,
        "Pokemon_with_STAB": 37,
        "Average_Attack": 82.07894736842105,
        "Average_Special_Attack": 73.5421052631579,
        "STAB_Average_Attack": 78.67567567567568,
        "STAB_Average_Special_Attack": 88.75675675675676
    },
    "water": {
        "Super_Effective_Count": 3,
        "Resisted_Count": 3,
        "Move_Count": 26,
        "Average_Power": 83.84615384615384,
        "Pokemon_with_Moves_Count": 156,
        "Pokemon_with_STAB": 64,
        "Average_Attack": 77.0,
        "Average_Special_Attack": 68.21794871794872,
        "STAB_Average_Attack": 70.5625,
        "STAB_Average_Special_Attack": 70.34375
    },
    "grass": {
        "Super_Effective_Count": 3,
        "Resisted_Count": 7,
        "Move_Count": 20,
        "Average_Power": 75.25,
        "Pokemon_with_Moves_Count": 167,
        "Pokemon_with_STAB": 43,
        "Average_Attack": 74.27544910179641,
        "Average_Special_Attack": 74.8562874251497,
        "STAB_Average_Attack": 69.46511627906976,
        "STAB_Average_Special_Attack": 72.65116279069767
    },
    "electric": {
        "Super_Effective_Count": 2,
        "Resisted_Count": 3,
        "Move_Count": 22,
        "Average_Power": 95.9090909090909,
        "Pokemon_with_Moves_Count": 228,
        "Pokemon_with_STAB": 27,
        "Average_Attack": 77.53947368421052,
        "Average_Special_Attack": 73.67543859649123,
        "STAB_Average_Attack": 69.07407407407408,
        "STAB_Average_Special_Attack": 85.07407407407408
    },
    "psychic": {
        "Super_Effective_Count": 2,
        "Resisted_Count": 2,
        "Move_Count": 21,
        "Average_Power": 97.85714285714286,
        "Pokemon_with_Moves_Count": 173,
        "Pokemon_with_STAB": 35,
        "Average_Attack": 70.83815028901734,
        "Average_Special_Attack": 79.89595375722543,
        "STAB_Average_Attack": 66.74285714285715,
        "STAB_Average_Special_Attack": 95.57142857142857
    },
    "ice": {
        "Super_Effective_Count": 4,
        "Resisted_Count": 4,
        "Move_Count": 16,
        "Average_Power": 78.125,
        "Pokemon_with_Moves_Count": 200,
        "Pokemon_with_STAB": 14,
        "Average_Attack": 76.795,
        "Average_Special_Attack": 70.635,
        "STAB_Average_Attack": 82.5,
        "STAB_Average_Special_Attack": 78.57142857142857
    },
    "dragon": {
        "Super_Effective_Count": 1,
        "Resisted_Count": 1,
        "Move_Count": 10,
        "Average_Power": 88.5,
        "Pokemon_with_Moves_Count": 135,
        "Pokemon_with_STAB": 26,
        "Average_Attack": 88.88148148148149,
        "Average_Special_Attack": 75.33333333333333,
        "STAB_Average_Attack": 104.15384615384616,
        "STAB_Average_Special_Attack": 87.6923076923077
    },
    "dark": {
        "Super_Effective_Count": 2,
        "Resisted_Count": 3,
        "Move_Count": 16,
        "Average_Power": 75.3125,
        "Pokemon_with_Moves_Count": 315,
        "Pokemon_with_STAB": 21,
        "Average_Attack": 79.12698412698413,
        "Average_Special_Attack": 68.19047619047619,
        "STAB_Average_Attack": 94.85714285714286,
        "STAB_Average_Special_Attack": 76.04761904761905
    },
    "fairy": {
        "Super_Effective_Count": 3,
        "Resisted_Count": 3,
        "Move_Count": 10,
        "Average_Power": 97.5,
        "Pokemon_with_Moves_Count": 103,
        "Pokemon_with_STAB": 24,
        "Average_Attack": 63.23300970873787,
        "Average_Special_Attack": 74.29126213592232,
        "STAB_Average_Attack": 50.166666666666664,
        "STAB_Average_Special_Attack": 65.58333333333333
    }
}
